DATE-OBS,Target Flux,Target Flux Error,Rescaled Ref Fluxes,r,r error,XO Norm,XO Norm error
2460348.6870815507,4.556899,0.009904839,0.9620118925677934,4.736842688957583,0.014270807749184652,1.0600392630272752,0.003193607540422394
2460348.6873703008,4.540829,0.009882239,0.9574877338495699,4.742440910176094,0.01419153748571466,1.0612920667795653,0.003175867962144949
2460348.687666991,4.563316,0.009868375,0.9672356252960164,4.717894875515391,0.014237441737139553,1.0557990069081387,0.0031861406927474866
2460348.6879627896,4.559137,0.009863479,0.9630123460437034,4.734245639456316,0.014225644079441274,1.0594580796061357,0.0031835005416609653
2460348.6882494213,4.566409,0.009806276,0.9635871501720568,4.7389683425984135,0.014164537563084313,1.060514954635977,0.003169825756404491
2460348.6885379516,4.545245,0.009876219,0.9672510542718565,4.699136775220831,0.014198916338324652,1.051601205942869,0.00317751924634337
2460348.688830278,4.540466,0.009869806,0.9668326903568845,4.696227222441133,0.014170322192188578,1.0509500886508552,0.003171120275639184
2460348.6891225,4.557222,0.009893662,0.9704267619556425,4.69610091009455,0.014256995109837073,1.0509218217111285,0.0031905164645737913
2460348.6894085533,4.529482,0.009862074,0.9632755795501362,4.702166333454995,0.014129513435731595,1.052279178780204,0.003161987845672581
2460348.689694896,4.569716,0.009852606,0.9622495931147284,4.748992395214405,0.014241124708792572,1.0627581976662708,0.003186964890385698
2460348.689982616,4.557755,0.009861075,0.9650185640661453,4.722971318599004,0.014201715049734947,1.0569350439983503,0.003178145558884361
2460348.6902909838,4.546138,0.009868844,0.9630673034978899,4.720477980602485,0.014184201590414652,1.0563770697640635,0.003174226291192778
2460348.69086412,4.564318,0.00987043,0.968000933261149,4.715199999470073,0.014243744951478338,1.0551959312721908,0.0031875512641177297
2460348.6911516665,4.540544,0.009880955,0.9614557431505911,4.722572029286659,0.014189331140130006,1.0568456886247002,0.0031753742128057547
2460348.6914379513,4.546071,0.009857429,0.9630929641340769,4.720282640718285,0.01417267476586474,1.0563333554251073,0.0031716467487837765
2460348.6917242594,4.544008,0.009863008,0.964725409824224,4.710156852640517,0.014173305896982728,1.0540673454187903,0.0031717879871168008
2460348.692010567,4.532151,0.009896512,0.9641316274570815,4.700759596439802,0.01418349494394448,1.0519643706755701,0.0031740681535782
2460348.6922971066,4.565188,0.00988043,0.9606714376903263,4.7520804938010395,0.014268045275544861,1.0634492710172103,0.003192989337388529
2460348.694608484,4.583309,0.009860275,0.9625095346037332,4.761832309419102,0.014289041832990948,1.0656315912080512,0.0031976880738133514
2460348.6948957755,4.569692,0.009860836,0.96235083692466,4.7484678400687566,0.014248467782121941,1.0626408095479558,0.003188608167680628
2460348.695182164,4.579979,0.009864983,0.964270970449291,4.749680474012415,0.01428825839995246,1.0629121800950407,0.003197512752436797
2460348.695478322,4.590349,0.009851744,0.9638899020515523,4.762316723341388,0.014297755339075766,1.0657399962809866,0.0031996380348264263
2460348.6957753818,4.551056,0.009859113,0.9623753486190666,4.7289823108316416,0.014182894286973344,1.0582802201409318,0.003173933734933794
2460348.6963680554,4.550749,0.009869378,0.960341773709259,4.738676505160263,0.014202648736643838,1.0604496454916428,0.0031783545049794268
2460348.6966656595,4.546798,0.009848741,0.9591814619024741,4.740289695530313,0.014157575711599183,1.0608106549748113,0.0031682677912360873
2460348.6969614467,4.561518,0.00983767,0.9555906711787063,4.773506206766793,0.014190523170456083,1.0682440464559213,0.0031756409725508705
2460348.697254884,4.55008,0.01018032,0.9496582585301533,4.7912814521746485,0.014644119690667878,1.0722218982191216,0.003277149541141917
2460348.6975517706,4.531535,0.009889301,0.9476268075270057,4.781982700368952,0.014173035428522997,1.070140967384293,0.003171727460051506
2460348.697848646,4.53675,0.009855997,0.9479599580690343,4.785803410136881,0.014143253527948077,1.0709959888896678,0.003165062686486071
2460348.6981449886,4.547046,0.009880486,0.9588986350813508,4.741946472386249,0.014207594651088762,1.0611814185050128,0.003179461331582602
2460348.6984358914,4.52964,0.009873897,0.9588088691478307,4.724236650027914,0.014140069848184916,1.057218207506928,0.003164350223402227
2460348.698731146,4.532303,0.009885041,0.960312526756869,4.719612494597276,0.014166893348399974,1.056183386079093,0.003170352948269166
2460348.699020972,4.529497,0.009864869,0.9573918206203867,4.731079692183814,0.014128385552514179,1.0587495848061395,0.0031617354411548294
2460348.6993105556,4.511323,0.009892926,0.9603246821108693,4.697705978027928,0.014115625227650625,1.0512810135063664,0.0031588798585964555
2460348.699605764,4.504899,0.009880523,0.9487917578510556,4.748037662345706,0.014078486249796896,1.0625445417792212,0.0031505686738477136
2460348.6999012153,4.518123,0.00988424,0.9589165250532967,4.7116958379134015,0.014124066577889359,1.0544117488371856,0.0031607689149307267
2460348.700196817,4.54264,0.009861503,0.9507865238331761,4.7777707047066285,0.014170688789965302,1.0691983815584702,0.003171202315103566
2460348.700490891,4.550357,0.009873004,0.9568999959908921,4.7553109197037875,0.014210043724487437,1.0641721952344734,0.003180009400017866
2460348.700785984,4.527366,0.009922402,0.9495663422161179,4.76782484669153,0.014204521122204546,1.0669726373881865,0.003178773518727657
2460348.7010796065,4.513087,0.009892639,0.9595657238322224,4.70325991009356,0.01411746090474503,1.0525239059645604,0.0031592906575024114
2460348.701375162,4.523656,0.009899653,0.9508722154225706,4.757375309351818,0.014161720834105645,1.0646341768168892,0.00316919541178324
2460348.701670301,4.498271,0.009919627,0.9494279170303261,4.737875218657931,0.014109606154558925,1.060270328759131,0.0031575328740704317
2460348.7019648957,4.545614,0.009887244,0.9606629011249441,4.731747207763564,0.014216027158351808,1.0588989654737446,0.0031813484089823706
2460348.702259132,4.521751,0.009895237,0.9572987527991602,4.723448126071733,0.014149969022790863,1.057041746854068,0.003166565520477287
2460348.7025544327,4.503026,0.009897759,0.9589036457678584,4.6960151000303325,0.01409338543559154,1.0509026186167454,0.0031539029036219634
2460348.7028489234,4.50386,0.009937191,0.9516796112927431,4.732538079577059,0.0141511994776706,1.0590759515442933,0.0031668408791010695
2460348.703144155,4.483444,0.009885695,0.948531040488544,4.726723542637875,0.014016881501811981,1.057774739353687,0.003136782391308683
2460348.703438287,4.518782,0.00985906,0.9480162258519266,4.766566095363226,0.014088982777173256,1.0666909464142598,0.0031529176501331876
2460348.7037334144,4.503653,0.009891883,0.9577572740599859,4.702290571919925,0.014089508741528593,1.05230698161417,0.003153035353612957
2460348.7040283335,4.487276,0.009927088,0.9507338218068295,4.719802637789956,0.014083705536808806,1.0562259374710377,0.003151736677414843
2460348.704322604,4.512003,0.009873204,0.9548052661795613,4.7255740618752196,0.014088763448787237,1.0575175016068328,0.003152868567502426
2460348.7046170253,4.52199,0.009888138,0.9526100003326206,4.74694785738242,0.014139613954807518,1.0623006586431358,0.003164248200829064
2460348.7049115854,4.527643,0.00987494,0.9567583578796237,4.7322743122246695,0.01413215857478027,1.059016924093268,0.0031625797908630556
2460348.7052060184,4.509219,0.009912663,0.9507108131194528,4.742997489640875,0.014140260286241756,1.0614166214934126,0.003164392840780654
2460348.7055001967,4.528146,0.009873038,0.9559174088607726,4.7369636309861525,0.014137982439965148,1.060066328164805,0.003163883090584817
2460348.7057956713,4.50722,0.009923054,0.9549474336379596,4.71986189106696,0.014145099523900261,1.0562391975271999,0.0031654757946083367
2460348.706090486,4.510306,0.009924063,0.9567726678869032,4.7140832419066845,0.014152836883333929,1.054946016520486,0.0031672073076288053
2460348.7063861457,4.536541,0.009916394,0.9531702123157645,4.759423806350699,0.014220648981341384,1.0650926018463016,0.003182382708442459
2460348.7066798727,4.479395,0.009895404,0.9613521559889032,4.659473609223076,0.014005826809407275,1.0427251431275253,0.003134308505482372
2460348.706975208,4.549561,0.009887652,0.9555901784579062,4.760995981919678,0.014219596644939375,1.0654444327895956,0.0031821472102472916
2460348.7072704863,4.525125,0.009905014,0.9533284712260699,4.7466588238786835,0.014175157600768604,1.0622359769801781,0.00317220237257256
2460348.707565463,4.499547,0.009905315,0.951445951629106,4.729167213645384,0.014094405971596217,1.058321598809231,0.0031541312853321716
2460348.7078600693,4.531251,0.009888555,0.9507196766445549,4.766127294211979,0.01417882112948862,1.0665927488426858,0.003173022219153807
2460348.7081545717,4.517054,0.009868565,0.9556856824807185,4.726505882430789,0.014097065886276107,1.0577260300380815,0.0031547265371026302
2460348.7084479514,4.488075,0.009885644,0.9528604066879393,4.710107554578915,0.014030972404542139,1.054056313200851,0.0031399357386174896
2460348.7087425925,4.520233,0.009882661,0.95419058447096,4.737243349038276,0.014131048518656986,1.0601289251597443,0.0031623313758000877
2460348.7090374883,4.513464,0.009859821,0.9548147064680435,4.727057479765641,0.014077699134610744,1.0578494698208056,0.0031503925284579177
2460348.7093332754,4.495433,0.009860973,0.9524495135391954,4.719864870627606,0.014019845846474876,1.0562398643112751,0.00313744577025921
2460348.7096273378,4.51736,0.009869428,0.9584915265143983,4.712988978032599,0.014100098904833273,1.0547011355424145,0.0031554052843119434
2460348.7099235766,4.498896,0.009865201,0.949756686532835,4.736893210432233,0.014031518837009331,1.0600505690279747,0.0031400580225749383
2460348.7102194675,4.513299,0.009862941,0.947110922052374,4.765333072307681,0.014078477520797408,1.0664150130685857,0.003150566720419493
2460348.7105138195,4.509727,0.009880256,0.9603543429953153,4.695899001127335,0.014096781041421525,1.0508766373031042,0.0031546627928008756
2460348.710808287,4.508145,0.009871501,0.9508595685718346,4.741125975911577,0.0140720795243741,1.0609978028488805,0.0031491349381419804
2460348.7111030556,4.538726,0.009900105,0.956058300600005,4.747331828144348,0.014210077183315238,1.0623865859390638,0.0031800168876364113
2460348.7113979976,4.501013,0.009849582,0.9566272637901283,4.705085429164043,0.014014952415062794,1.052932431646578,0.0031363506886260733
2460348.7116907523,4.530354,0.009879375,0.9606449145729657,4.715950640319448,0.01415723801760283,1.0553639142146314,0.003168192220034228
2460348.711986597,4.511515,0.009882607,0.9557143283686518,4.720568548659191,0.014104458050826094,1.0563973376307394,0.003156380800327375
2460348.7122778473,4.5287,0.009901004,0.9548467959508378,4.742855104300071,0.014184114993870563,1.0613847576419735,0.0031742069120951795
2460348.7125725,4.525668,0.0100623,0.9529803992937859,4.748962311663266,0.014401766788089077,1.0627514653875205,0.0032229143450183385
2460348.7128673033,4.51332,0.009883856,0.956093396924028,4.720584845079348,0.014103335664758042,1.0564009845420572,0.0031561296259949062
2460348.7155465162,4.475448,0.009826951,0.9498668664328072,4.711658189328567,0.013901877394688008,1.0544033236095092,0.0031110460776994095
2460348.715841667,4.466076,0.009840542,0.9431833518582484,4.735109023289047,0.013897353232222433,1.0596512928542536,0.00311003363330116
2460348.716136516,4.474246,0.0098488,0.9477819279682939,4.720754709462741,0.013931333837742631,1.0564389978195947,0.0031176380184154942
2460348.7164317016,4.470305,0.009867842,0.9503111445411018,4.704043539506923,0.013948060596836809,1.0526992712870702,0.0031213812335795445
2460348.716726204,4.467958,0.009842056,0.9447539963426935,4.729229002784048,0.013910759950447348,1.0583354263558296,0.00311303386966955
2460348.7170212963,4.465109,0.009850038,0.9483960849916327,4.708063509181813,0.013907336446148718,1.0535988843777682,0.003112267737202844
2460348.7173162038,4.472288,0.009816539,0.9367040216594495,4.774494286975481,0.013884297610263139,1.0684651650121004,0.0031071119673753834
2460348.71761125,4.444338,0.009838967,0.945116387083264,4.702424019665694,0.013831634377967156,1.0523368453566173,0.0030953266712156003
2460348.7179066087,4.455533,0.009856269,0.9432871450220907,4.723411130441788,0.013888676426913635,1.0570334677485798,0.003108091885409382
2460348.7182013425,4.425377,0.0098369,0.9409030429676299,4.703329458944313,0.013768597783197103,1.0525394700263917,0.0030812199613559784
2460348.718495961,4.454885,0.009826339,0.9425780597112585,4.726276995419003,0.013834143174619316,1.0576748083203207,0.003095888104881202
2460348.718789861,4.436197,0.009846922,0.9435548919665049,4.70157808281225,0.013813119587032468,1.0521475364988875,0.0030911833194882435
2460348.719085451,4.458342,0.009836202,0.9382649448073119,4.751687702577009,0.013877754725926917,1.0633613698250057,0.0031056477612057313
2460348.7193806944,4.435062,0.00986107,0.9349865157500271,4.743450226597422,0.01383367007498789,1.0615179377036557,0.003095782231788603
2460348.7196758683,4.41542,0.009848971,0.9383068679723113,4.705731302534061,0.013756123502626718,1.0530769690897908,0.003078428391516969
2460348.7199712386,4.435464,0.009838443,0.9387102712569239,4.7250617531445105,0.013802765248610942,1.05740285406521,0.0030888661631057702
2460348.7202663543,4.449983,0.009853864,0.940245943942398,4.7327861701178655,0.01386591784788211,1.0591314707437496,0.00310299883315321
2460348.7205609493,4.457516,0.009854343,0.9418827263305836,4.732559452879799,0.013896717776015725,1.0590807345910553,0.003109891427073663
2460348.720855359,4.413474,0.009840541,0.9360200964463552,4.715148763104514,0.013736440550606004,1.0551844652888862,0.0030740236216471825
2460348.721150324,4.411024,0.009850413,0.9362426892569649,4.711410888025993,0.013737757407618827,1.054347981030551,0.0030743183158620947
2460348.721444271,4.426317,0.009860453,0.935078849711147,4.733629684135539,0.0138067712485933,1.059320237404659,0.003089762649974309
2460348.7217387618,4.406039,0.009828355,0.941564571150884,4.679486819065901,0.013695192100196926,1.0472038200871918,0.00306479279431264
2460348.7220338774,4.43181,0.00985943,0.9357924100549011,4.735890088849934,0.013816059529842314,1.0598260844223732,0.0030918412376447313
2460348.722329051,4.427278,0.009863235,0.939557995634561,4.7120859176020256,0.013803335484249023,1.0544990432256218,0.003088993773880549
2460348.722624086,4.43555,0.009851618,0.9360573603032286,4.738545080787717,0.013818104603589766,1.0604202345518745,0.0030922988965982655
2460348.7229198613,4.43823,0.0099123,0.9383434880761415,4.729856450647485,0.013905901156479984,1.0584758404279069,0.0031119465394129696
2460348.7232151735,4.434642,0.009873742,0.9248594692155928,4.794936039051622,0.01383967794665453,1.0730397437407317,0.003097126709592081
2460348.7235105094,4.447098,0.009865138,0.9342192845027001,4.760229288530756,0.013877140753368633,1.0652728575129127,0.0031055103627188195
2460348.7238032753,4.427122,0.009893124,0.9265483727501663,4.778079731400839,0.013846434862642679,1.0692675374183325,0.003098638813057351
2460348.7240987155,4.44823,0.009861864,0.9422143475166009,4.721038277249993,0.01387067185507437,1.0565024563315095,0.0031040627135924437
2460348.724389815,4.443221,0.009867265,0.9385779970975733,4.7339922880571095,0.013866682433731497,1.0594013831000162,0.003103169936791968
2460348.724684329,4.454484,0.009856037,0.9414685477757728,4.731420938621641,0.013883834407775459,1.0588259509948053,0.003107008309125381
2460348.724977963,4.476589,0.009841935,0.9433354358989391,4.745490129642054,0.0139318303394926,1.0619744395260868,0.003117749128575508
2460348.7252728124,4.471429,0.009849022,0.9353621446073374,4.780425448880117,0.013927876983243999,1.0697924762417814,0.0031168644226396277
2460348.725567095,4.451282,0.009847995,0.9443632082364943,4.713527550816314,0.013856315808462135,1.0548216606124294,0.0031008500307844853
2460348.7258622223,4.484929,0.0098472,0.9475938898256094,4.732965301016646,0.013964627288723679,1.0591715577380616,0.0031250886279372875
2460348.7261571297,4.468673,0.0098363,0.9459993272673273,4.723759173178788,0.013902351030997977,1.0571113548541178,0.003111152070893174
2460348.726448727,4.456022,0.009874874,0.9422466780282925,4.7291458849443675,0.01391465099624096,1.058316825743712,0.0031139046313955164
2460348.726743611,4.434539,0.009844768,0.9375066944765963,4.730141156459446,0.013805970783220423,1.0585395536138638,0.0030895835169991058
2460348.727038449,4.468435,0.009877506,0.9381431407497011,4.763063125344739,0.013955461981838332,1.0659070306288654,0.003123037560212617
2460348.7273327895,4.467653,0.009899682,0.9438406711845233,4.733482182319056,0.013983195875315912,1.0592872285573938,0.0031292440183817655
2460348.7276278473,4.449533,0.009885714,0.9370314844856836,4.748541616445527,0.013907352223149575,1.0626573196710898,0.003112271267875374
2460348.7279233797,4.475995,0.009886973,0.9422133895053892,4.75051092444107,0.013989020873653899,1.0630980233071077,0.0031305475716873732
2460348.728216875,4.48096,0.009907277,0.9437808079638247,4.747882095279644,0.014031407222036116,1.0625097280416986,0.0031400330447021825
2460348.728512245,4.501509,0.009865751,0.9469720051192821,4.753581917591094,0.014039086162790851,1.063785268700142,0.0031417514844378856
2460348.7288073613,4.474701,0.009896602,0.9454191251436218,4.7330341443222155,0.01400665981904978,1.059186963908731,0.0031344949214107696
2460348.7291030786,4.459241,0.00990794,0.9421013701419794,4.7332921289860455,0.013971853220508245,1.0592446972747884,0.0031267056905898965
2460348.729398588,4.457349,0.009864141,0.9427917866641404,4.727819082696234,0.0138972240384657,1.058019905923982,0.0031100047215420696
2460348.7296941318,4.483603,0.009866413,0.9449702228236543,4.744702945879711,0.013997681253435946,1.0617982787898972,0.0031324856437755805
2460348.7299883566,4.476805,0.009869834,0.9444987893540708,4.7398737303428655,0.01397168458510273,1.0607175677731242,0.0031266679523404505
2460348.730283773,4.48073,0.009873831,0.9446343482633991,4.743348585870611,0.013994727102936907,1.0614951919279951,0.0031318245461366043
2460348.7305775927,4.488329,0.009882092,0.9458786711414101,4.745142413015664,0.01402724941006144,1.0618966253995508,0.0031391025844292
2460348.7308737733,4.466685,0.009891325,0.9516211979524344,4.693763663115942,0.013970350330304738,1.0503987784674733,0.003126369364744107
2460348.731168345,4.461007,0.009929384,0.9415076810131235,4.738152529143115,0.014003763177682415,1.0603323869742012,0.0031338466935125803
2460348.7314640163,4.386051,0.01000619,0.9328985909856621,4.70153030820411,0.01387590050531903,1.0521368452085642,0.003105232812520343
2460348.731757824,4.464514,0.009920522,0.9522624429019372,4.688323091263351,0.01400896917051487,1.0491812544423433,0.0031350117220279466
2460348.7320537036,4.516463,0.009875746,0.94622804623357,4.773123157760578,0.014105901108627802,1.0681583254360534,0.0031567037365169584
2460348.7323477776,4.491499,0.009909941,0.9466805962631145,4.744471385311526,0.014075029055964654,1.0617464587675398,0.0031497950021337224
2460348.732643553,4.504353,0.009898551,0.9527720847808167,4.727629064653188,0.014100775267671908,1.0579773825387784,0.0031555566448725715
2460348.734672847,4.437662,0.009910004,0.936748773610932,4.737302172165035,0.013911715985666612,1.060142088954287,0.0031132478170044745
2460348.734968287,4.444914,0.009900857,0.9343668093654933,4.757140295917015,0.013917006512599896,1.064581584091188,0.003114431763071431
2460348.7352619907,4.454112,0.00988686,0.942154882822967,4.727579383396284,0.013932238986329561,1.05796626456708,0.003117840578032527
2460348.7355572684,4.44481,0.009892439,0.9339851122411519,4.758973073279957,0.013904641612908634,1.0649917340777257,0.0031116646711461097
2460348.7358515277,4.421915,0.009894626,0.9313532467923009,4.747838712357141,0.013837321364644786,1.0625000195493086,0.003096599339438392
2460348.736145787,4.449977,0.009872255,0.9271128604401625,4.799822319245251,0.013896455021849758,1.074133225031017,0.003109832626359614
2460348.7364411573,4.443147,0.009899086,0.9322799795690098,4.7658933983051455,0.013908259033428972,1.0665404062041424,0.0031124741993559823
2460348.7367369677,4.408504,0.009900012,0.9310141855448252,4.735163081774274,0.013799867584466004,1.0596633903885404,0.003088217706324239
2460348.7370321066,4.41037,0.009925478,0.9305047816595121,4.73976070508129,0.01384267221919877,1.0606922742975222,0.003097796785984632
2460348.7373271645,4.411705,0.009907141,0.9415959570201362,4.6853482824647,0.013826865297125224,1.0485155337643228,0.003094259417504012
2460348.7376220603,4.451085,0.009900318,0.9414434812781675,4.727936502313347,0.013926717282274516,1.058046182795004,0.0031166048977531694
2460348.7379163424,4.422817,0.009912643,0.9313914741271712,4.748612289096511,0.01386357979701973,1.0626731352237235,0.00310247561001159
2460348.7382113775,4.381462,0.009907788,0.9353106533605966,4.684499192067671,0.013723631933848806,1.0483255191875651,0.0030711572320372103
2460348.7385052317,4.402932,0.009932126,0.9306236315992918,4.731162900337583,0.013814122584191473,1.058768205629289,0.0030914077762496488
2460348.7388003357,4.390723,0.009932462,0.935071638572407,4.695600656547991,0.013790498440130503,1.0508098719514167,0.003086121022623986
2460348.7390956483,4.364403,0.00990104,0.9304774588535419,4.690498365621301,0.013668657595945634,1.0496680504747846,0.003058854742707738
2460348.7393911923,4.43701,0.009910887,0.9308633921747296,4.766553328124802,0.013909349868134652,1.066688089284543,0.003112718312934039
2460348.739684873,4.387511,0.009919208,0.932112790644472,4.707060179880625,0.013760578697373542,1.0533743532875792,0.0030794254019026156
2460348.739978993,4.432912,0.009914555,0.9337037162845737,4.747664513577816,0.013894993442740557,1.0624610362944737,0.0031095055453599883
2460348.740273854,4.39393,0.009947746,0.9309161067163584,4.720006419803831,0.013826251042156209,1.0562715410407553,0.0030941219558175215
2460348.7405686807,4.403707,0.009908323,0.9310086371490712,4.73003882486526,0.013798488582133365,1.05851665323173,0.003087909104854359
2460348.7408637614,4.393054,0.009977622,0.9322239364759612,4.712444969614102,0.013861070044177434,1.0545793940532222,0.003101913962363985
2460348.741154919,4.367205,0.009941298,0.9318982052382577,4.686354126933253,0.013729959217220221,1.048740627713854,0.00307257318972093
2460348.741449213,4.410838,0.009910662,0.9317777392483884,4.7337876987252026,0.013823887680318954,1.0593555988637942,0.003093593068433089
2460348.741740741,4.378859,0.009972326,0.9298207519812595,4.709358218419561,0.01381287427000581,1.053888622229822,0.003091128420962533
2460348.7420355207,4.381656,0.009976297,0.9306921000113337,4.707954435142021,0.013828340967026087,1.0535744751304383,0.003094589651826091
2460348.742330764,4.394697,0.009980876,0.9315803108192865,4.717464451492159,0.013870777103125963,1.0557026840208619,0.003104086266637029
2460348.7426248495,4.394123,0.009947126,0.9219382544793565,4.76617927355827,0.013825583885183842,1.0666043810947055,0.003093972655401242
2460348.742920127,4.353168,0.009978555,0.924703112130763,4.707638530564841,0.013743601738123841,1.0535037800963893,0.003075626195436788
2460348.7432150925,4.370436,0.009981165,0.9326344901346039,4.686118780969842,0.013791508564788387,1.0486879605728927,0.003086347074420134
2460348.743507037,4.37961,0.009999142,0.9273331913698457,4.722800866784992,0.013851356651368595,1.0568968992620413,0.0030997402406614297
2460348.743801354,4.375506,0.009992641,0.9368607818516321,4.6703908251470985,0.013828760982690754,1.04516826363676,0.0030946836454680314
2460348.744096817,4.38433,0.009961296,0.9321937891892338,4.703238801680096,0.013812253529680414,1.0525191821963205,0.0030909895079438256
2460348.744392419,4.399762,0.009951342,0.933280125691692,4.714299467953587,0.013848366553023177,1.0549944048910647,0.003099071098396299
2460348.7446871414,4.397798,0.009947537,0.9376053935201508,4.690457233281139,0.013830166084688754,1.0496588456313023,0.0030949980876786437
2460348.7449828587,4.422494,0.009961815,0.9274415715636254,4.768487994929828,0.013931438929684506,1.0671210407057468,0.003117661536524904
2460348.74527691,4.389787,0.009961049,0.9395933633735936,4.672007243898091,0.013833760453328117,1.045529995586512,0.0030958024571993794
2460348.745569896,4.387342,0.01000299,0.9299253746842024,4.71795062210225,0.013875748210137154,1.0558114822160032,0.003105198730984823
2460348.7458632523,4.407418,0.009977776,0.9317022129381061,4.730500731667565,0.01390338177318481,1.0586200215254342,0.003111382736604461
2460348.746158912,4.409459,0.009961709,0.9264195323298738,4.759678359663413,0.01389085273160073,1.0651495673238844,0.0031085789120151013
2460348.7464535995,4.423606,0.009986492,0.9342827160722208,4.734761677489978,0.013969773645265427,1.0595735617136948,0.0031262403106833724
2460348.746749086,4.377542,0.009970988,0.9289138362527237,4.7125382669066305,0.013798300724608654,1.0546002726847723,0.0030878670649629957
2460348.7470437037,4.397022,0.009964211,0.9302815449203761,4.7265497461592085,0.013850593290714969,1.057735846128123,0.003099569411204378
2460348.747338368,4.416379,0.009974502,0.9382592576391792,4.706992192235188,0.013929268399598444,1.0533591386017016,0.0031171758021942765
2460348.7476325347,4.411954,0.009992169,0.9349788727156926,4.718774005219241,0.013941418341073401,1.0559957438623861,0.0031198947894718067
2460348.7479273495,4.41503,0.01002613,0.9366563810567541,4.713606920628541,0.014000230830836083,1.0548394224683288,0.0031330562036032423
2460348.7482217015,4.40271,0.009966705,0.930690831284718,4.7305827585327505,0.013873328987391045,1.0586383779926907,0.0031046573427088594
2460348.748517361,4.422566,0.01000869,0.9381394953938095,4.714188051685754,0.013998158923374315,1.0549694714857993,0.003132592539639068
2460348.7488134955,4.416748,0.01001051,0.9372215628525283,4.7125975063539745,0.013979470909957268,1.0546135296460497,0.003128410423138507
2460348.749108252,4.449176,0.009992129,0.939199863388103,4.73719830404349,0.014058034705348884,1.0601188447187815,0.003145991903722968
2460348.7494033216,4.403397,0.01000073,0.9311523429744003,4.728975911647424,0.013925567237625395,1.0582787880928426,0.0031163475338163967
2460348.749697419,4.436377,0.01000804,0.9317916945159778,4.761125288098313,0.014036762870809143,1.0654733697071386,0.0031412315641277115
2460348.7499924423,4.421074,0.009984252,0.9392416104183073,4.707067863008112,0.013961570899929911,1.0533760726642472,0.0031244046507952934
2460348.750286933,4.392846,0.00999091,0.9375858537688584,4.685273335067789,0.013880224406956769,1.04849876158323,0.0031062004413411515
2460348.750582338,4.430551,0.009969332,0.9411870930127002,4.707407308166534,0.013966512833601856,1.0534520357517294,0.003125510586557051
2460348.7508769906,4.432673,0.009989435,0.9363224959157802,4.734130622018835,0.01400211325254297,1.0594323403093786,0.003133477463300873
2460348.751173102,4.430448,0.009987641,0.9390729343303174,4.717895530829555,0.013995398339089226,1.0557991535582998,0.0031319747594164074
2460348.7514671064,4.43275,0.009952269,0.9353903006300174,4.738930900838283,0.013945984783046624,1.0605065756927818,0.003120916695433606
2460348.751761516,4.416999,0.01000389,0.9402972994771069,4.697449415686148,0.01397258745773252,1.051223598436127,0.0031268700026300497
2460348.7520562615,4.438836,0.01001047,0.9408257964164692,4.718021143666738,0.0140515220433509,1.0558272639575885,0.0031445344608906816
2460348.7523514354,4.470654,0.009988333,0.9365498776482863,4.773535405531191,0.014115991748845773,1.0682505807317513,0.00315896188092295
2460348.7526467475,4.436172,0.009997692,0.9465930542681049,4.686461600365321,0.014024850550394301,1.0487646787675209,0.0031385657531260228
2460348.753970984,4.323949,0.01023905,0.9048469586610138,4.778652299830403,0.013997664766938145,1.0693956702392773,0.0031324819543275396
2460348.754265093,4.442076,0.01001558,0.939728803528314,4.726976531230864,0.01407222686855951,1.05783135466884,0.003149167911713612
2460348.75456022,4.42569,0.01001349,0.9309788384079302,4.753803005413514,0.01401194367634183,1.0638347450682062,0.0031356773749051325
2460348.7548548495,4.419018,0.01003045,0.9317527681027881,4.74269371798905,0.014014196391018308,1.0613486416386708,0.003136181500999721
2460348.7551493053,4.4015,0.01000421,0.9337790678838118,4.713641750371374,0.013927549950396892,1.054847216878519,0.0031167912372541302
2460348.7554447223,4.399838,0.01003151,0.9230486121475974,4.766637360261213,0.013955267070000577,1.0667068945035045,0.0031229939416644796
2460348.755740648,4.41647,0.01005601,0.9274604101913101,4.76189598118695,0.01404475081975499,1.065645840060778,0.0031430191555825416
2460348.7560353586,4.38131,0.01005334,0.9308588177716544,4.7067395359569595,0.013929863216600879,1.0533025976539523,0.003117308913935219
2460348.756329919,4.404284,0.01007382,0.9254281141115727,4.759185433034083,0.014023781166736216,1.0650392572259577,0.003138326439992941
2460348.7566241203,4.380885,0.01004596,0.9248348448868353,4.736937653485638,0.013919535648112108,1.0600605147628601,0.003114997748289963
2460348.756919375,4.378846,0.01003549,0.9314127377168295,4.701294949791924,0.013899384875849387,1.0520841752817407,0.003110488286781224
2460348.7572148032,4.308976,0.01011511,0.921254451747372,4.677291916285486,0.01378467916317786,1.0467126314878339,0.003084818749684542
2460348.7575103007,4.224853,0.01031178,0.8923620228882675,4.7344607812035875,0.0137770077042972,1.0595062253255947,0.003083101984287803
2460348.7578061805,3.60831,0.0105379,0.760761604139627,4.743023281361274,0.012019299867898549,1.0614223933203613,0.002689751509749809
2460348.7581004514,4.380056,0.01019003,0.9240825522378848,4.73989687327464,0.014114058221162861,1.0607227468381584,0.0031585291844213725
2460348.7583958795,4.209373,0.01037301,0.8870866748173702,4.745165404346321,0.013808340066207557,1.0619017705383713,0.0030901137294542164
2460348.758691447,3.696919,0.01060223,0.7729755652742928,4.782711337955601,0.012381768373212636,1.0703040263037218,0.0027708669008392056
2460348.7589870836,3.766735,0.01057132,0.7896396706051014,4.770194735927526,0.012586999736606635,1.0675029855133285,0.002816794814744688
2460348.7592812963,3.144552,0.01092703,0.6577483912291583,4.780782502749511,0.01086277146715864,1.069872379912945,0.0024309365998841327
2460348.759577234,0.8655614,0.01297941,0.1873302044974405,4.620511691225032,0.0035508748678832374,1.0340060098244381,0.0007946362218926385
2460348.759871655,0.2958266,0.01463689,1.0,0.2958266,0.2965499188421811,0.0662018630635324,0.0663637317222039
2460348.7601663657,1.133134,0.01309917,0.23756238215448514,4.769837672629209,0.004694086314063739,1.0674230797321032,0.0010504709832450808
2460348.7604613425,0.5466962,0.01335031,0.17524851705943476,3.1195482231361216,0.002308804183341748,0.6981113405222632,0.0005166781431625863
2460348.760756296,0.9641923,0.01285703,0.20010031001315784,4.818544758559336,0.00391975296121293,1.0783230455667172,0.0008771859892960743
2460348.7610509954,0.5553911,0.01373903,0.14516289596833656,3.825985258114056,0.0028831480626208945,0.8562020864275235,0.0006452082849666568
2460348.7616323726,0.6569744,0.0136751,0.1525857127389443,4.30560888176997,0.0031760063660090654,0.9635351574066174,0.0007107458846886633
2460348.7619262384,2.314781,0.01208244,0.4754217271589423,4.868900321053534,0.008842537180042133,1.089591917442093,0.00197883637079067
2460348.762220706,0.5861318,0.01364568,0.13003034180691825,4.5076540740802304,0.002827250078915465,1.0087500507054923,0.0006326990966015998
2460348.7625160534,0.670857,0.01356024,0.11912712666792227,5.631437765388862,0.002876417077602663,1.260237151747268,0.0006437019844904332
2460348.7628112035,0.8829298,0.01331832,0.2058764006113901,4.288640161659947,0.003919063011453729,0.9597377947452234,0.00087703158817231
2460348.763106956,2.084262,0.01186663,0.43615395799998824,4.7787299914863,0.007820377432095509,1.0694130565472186,0.0017500912895078605
2460348.763401447,2.920972,0.01109749,0.6168759538237091,4.735104329961865,0.010248904220198283,1.0596502425531535,0.0022935616801762456
2460348.7636962733,1.493572,0.01224967,0.3061962741557273,4.877825519328133,0.005786019294038084,1.0915892522118191,0.0012948303397560114
2460348.763990845,2.583919,0.01139174,0.5476152568567424,4.718493445254685,0.009310565784217547,1.0559329584591985,0.0020835746382873626
2460348.7642853586,1.931382,0.01204596,0.3919680015923447,4.927397114442723,0.007355718511461767,1.1026826831325576,0.0016461071101438556
2460348.764580868,0.8851739,0.01334183,0.20736012374230325,4.268775905535481,0.003935794880105426,0.9552924515481923,0.0008807759467839991
2460348.764875278,0.7278742,0.01374626,0.1725358379613393,4.218684121516234,0.003538124313082325,0.9440826096129159,0.0007917828257378841
2460348.7651700117,0.8325397,0.01353335,0.1854257173173531,4.489882590423646,0.00375474866108526,1.0047730407697089,0.0008402603305421082
2460348.765464734,0.6859012,0.01396729,0.17459294657913235,3.9285733670181386,0.003620852102553275,0.8791598729741519,0.0008102961500640419
2460348.766265463,0.9001971,0.01630862,0.22131753385807196,4.067445919478231,0.00519138298810265,0.9102376114237918,0.00116175903616755
2460348.7666765624,1.058599,0.01620673,0.13327654474816034,7.9428754849574705,0.006066960760351337,1.777504643550793,0.0013577011177108606
2460348.7674980904,2.592171,0.0143754,0.2341772741040843,11.069267971954712,0.01317894318743953,2.4771476347728396,0.002949263494955981
2460348.7679082756,3.878963,0.01353217,0.8235222728577344,4.710210188413569,0.016604506111011514,1.054079281220182,0.0037158566531838963
2460348.7683196412,1.547089,0.01497465,1.0,1.547089,1.5472339364835057,0.34621691938824056,0.34624935414980007
2460348.768729942,2.010283,0.01525038,0.4204196610761144,4.781610343470712,0.00969688086310634,1.070057639108918,0.0021700265596222715
2460348.769547766,1.526796,0.01613793,0.31761544075937964,4.807058486670603,0.007791757174090724,1.0757525782771347,0.001743686475332003
2460348.7699582293,0.726916,0.0168678,0.1910393954279294,3.805058105275636,0.004633957582143141,0.8515188817849434,0.0010370150124946775
2460348.770779074,1.186738,0.01690123,0.2684871608295012,4.420092179952026,0.006682336209926214,0.9891549212456705,0.0014954135521079556
2460348.7715999885,0.3234939,0.01900903,0.15643837129914562,2.0678679873328925,0.0035494375663944993,0.4627599861908108,0.0007943145738855342
2460348.774475023,0.8935855,0.01733728,0.21187558983619595,4.21750094331699,0.005477577713293531,0.9438178308502012,0.001225805420118797
2460348.7748863655,0.4061196,0.01793641,0.16481867915893106,2.464038676152645,0.003640608929925703,0.5514174554347211,0.0008147174522061729
2460348.7752980324,0.6533784,0.01704934,0.09771738711912968,6.686408829203039,0.007877531857696188,1.4963249474445288,0.001762881652027969
2460348.775708426,0.3226476,0.0176753,0.09301857466336946,3.4686362499925294,0.004032115587887845,0.7762323673368453,0.0009023311764583901
2460348.7765299655,0.6397272,0.01711432,0.17059478148240442,3.7499810629669414,0.004137263436908407,0.8391934086433646,0.0009258617971067167
2460348.7777607176,0.5278029,0.01781348,0.21277082869109018,2.480616836654271,0.00470048685392302,0.555127416308334,0.0010519033347080554
2460348.783047905,0.2067315,0.01959603,0.1988231,1.039776062238241,0.004051258491858316,0.23268736648102295,0.0009066150911141088
2460348.7879738426,0.374119,0.0181803,0.13297561390895515,2.813440667821615,0.0030430934546424268,0.6296087431911117,0.0006810018307135656
2460348.7883849307,1.62344,0.01780223,0.3656930052089619,4.439352070932679,0.009630575302203933,0.9934650159610198,0.002155188300780058
2460348.788796227,0.2979796,0.01869407,0.13644141121522055,2.1839381265997875,0.0027847713455336808,0.48873486291086277,0.0006231929491136687
2460348.7945450232,0.3587709,0.020055,0.16141246042972932,2.222696432758922,0.0035984005316808073,0.49740843072701413,0.0008052718019477458
2460348.795778588,0.7887348,0.01844188,0.16027050580346908,4.921272295522559,0.004850322412867265,1.1013120341664349,0.001085434440955008
2460348.796188889,0.5835145,0.01892569,0.1832828353750268,3.18368328821427,0.004510148308212336,0.7124638727011624,0.0010093082254824125
2460348.7974202894,0.4537313,0.01968173,0.15517730915537772,2.9239539109785873,0.003993545848132667,0.6543400641412384,0.0008936998071708805
2460348.7978315162,1.198152,0.01649418,0.2526999923470835,4.741401014188944,0.006585323227383463,1.0610593525755634,0.0014737034010070065
2460348.7986511113,2.070729,0.01621735,0.4415249664099631,4.689947698398769,0.010620353905408279,1.0495448188382124,0.0023766869339406616
2460348.799202859,2.354972,0.01527379,0.4911809837983146,4.794509717760129,0.011372126635540767,1.0729443389875404,0.002544923175492736
2460348.800024282,1.600744,0.01608201,0.3289534351438766,4.86617201398086,0.008139432863452235,1.0889813604089509,0.0018214914407327818
2460348.8005842706,1.72534,0.01574429,0.3433034155134543,5.0257000718141205,0.008589060323904317,1.1246815125909009,0.001922111789161397
2460348.800993935,1.026225,0.01635121,0.254749276782067,4.028372574646856,0.005931637324877888,0.9014935423510282,0.0013274176220938333
2460348.8014040855,1.203161,0.01632292,0.21908745007968877,5.491692927013271,0.006544679371564811,1.2289642078876681,0.0014646078735010947
2460348.801814861,3.686341,0.01392876,0.7763200155267553,4.748481201400833,0.016237687238798086,1.0626437996275377,0.003633767710717625
2460348.8022252317,4.141683,0.01360552,0.8719417522520481,4.749953754712256,0.01782402747142894,1.0629733365004106,0.003988768507984673
2460348.8026364697,4.122679,0.01380654,0.8693478086487852,4.742266511728856,0.01799966302740345,1.061253038841839,0.0040280732933748705
2460348.803047095,5.84009,0.01261999,0.692637415190244,8.431669834636244,0.024575063539832537,1.8868899949818765,0.005499556129305484
2460348.803457824,4.926183,0.01315067,1.0099064806895794,4.877860568471972,0.02049018891227584,1.0915970957208914,0.004585418216334823
2460348.8038680786,5.086134,0.0131732,1.0486465344130806,4.850189108617681,0.021191904448465856,1.0854046093250034,0.004742452356727893
2460348.8042798843,3.868545,0.01401062,0.8072961113571638,4.791977745930797,0.017141178024664215,1.0723777190408346,0.0038359563350167
2460348.8046908104,1.4984,0.01542936,0.26010381161089413,5.760776786468443,0.007706645610788861,1.2891814189709787,0.0017246396957022027
2460348.805101771,0.6029162,0.01772667,0.193907423765064,3.1092992124452454,0.004363728543553978,0.6958177550154357,0.0009765415263089531
2460348.805512998,4.63046,0.01372172,1.0,4.63046,4.630500662217805,1.0362323024405657,1.0362414020772277
2460348.806745544,1.318386,0.01772022,0.2674290244249841,4.9298538288233456,0.007388569935021069,1.1032324615129068,0.0016534588000997792
2460348.807157176,0.6090926,0.01726726,0.1593465842926428,3.8224390105619754,0.003717582418939159,0.8554084857343058,0.0008319430444253687
2460348.8079756713,0.8830075,0.01693984,0.22419060621208034,3.938646292631416,0.005288405981004497,0.8814140530989255,0.0011834714274471109
2460348.808386771,1.123125,0.01727982,0.20876294010525226,5.379906028501767,0.006135738191128924,1.2039478606506193,0.00137309254652152
2460348.809207951,1.035702,0.01685139,0.19890422630623486,5.207038680040027,0.0055171904824431375,1.1652625614550092,0.0012346702048231122
2460348.8104405785,0.5975374,0.01814462,0.15503641328345602,3.854174560317717,0.0038316497434058585,0.8625104587116362,0.0008574697191543077
2460348.810849479,0.912101,0.01661091,0.22381384138821622,4.075266276395817,0.005049271352905509,0.911987698122439,0.0011299564362219879
2460348.811260648,0.5476135,0.01702767,0.24306837911922038,2.252919536405046,0.004663084489467193,0.5041719393801767,0.0010435332077148877
2460348.811671817,0.317983,0.01765881,0.05819353026303585,5.46423285479865,0.003971893714455722,1.2228190270943686,0.0008888543619380502
2460348.812083264,0.4838135,0.01754702,0.1662301713130962,2.9105035275980824,0.0034657792806285503,0.6513300561206338,0.0007755930174791555
2460348.812493947,0.7488175,0.01711206,0.17394154280687713,4.304995160537314,0.004531511843286294,0.9633978151628724,0.0010140890863770012
2460348.8129035183,0.8485855,0.0168934,0.11948021333144332,7.102309883277383,0.005419004553779746,1.5893977969780342,0.0012126975647557903
2460348.8133136113,0.6275187,0.0172675,0.17764294603424938,3.532471815002522,0.004423872037597238,0.7905178755817927,0.0009900008006163152
2460348.8137242594,0.5250642,0.01713259,0.11606148885864002,4.524017442508557,0.005195625372422637,1.0124119441117991,0.0011627084225507036
2460348.8145473497,0.7429324,0.01767245,0.1624023033412992,4.5746420137815305,0.004373065412247661,1.0237410163962504,0.0009786309871711656
2460348.815170359,1.378599,0.01683062,0.299371192589111,4.604982156356428,0.007340735219598873,1.0305307167276994,0.001642754058605731
2460348.8159927083,3.102761,0.01413499,0.6531747118097182,4.750277290134728,0.013868751217595173,1.0630457392111023,0.003103632901738498
2460348.816814213,0.2699996,0.01695784,0.07040149548931172,3.8351401220019685,0.002643402338283932,0.8582508171551622,0.0005915565389349513
2460348.8172255787,1.144821,0.01634108,0.24621992577022203,4.649587138079039,0.0059140528726276875,1.0405126889098888,0.001323482467175665
2460348.817635405,2.203421,0.01375724,0.5686806094304933,3.87461953768148,0.009585594916600326,0.8670857592146094,0.002145122318450292
2460348.8184568286,2.887578,0.01635737,0.6099743339434432,4.733933608865149,0.014935993074110337,1.0593882515160717,0.0033424667295304782
2460348.819690347,0.8045002,0.01670266,0.2034513263705735,3.954263726620561,0.004752313909603144,0.8849090167916872,0.001063501506215018
2460348.820100382,1.070005,0.01658429,0.26392777077162594,4.054158442181762,0.006273610201522043,0.9072640595104728,0.0014039463776250756
2460348.8218135415,0.4819301,0.01757381,0.20616040814316963,2.3376462257744466,0.004233732831970288,0.5231325895970926,0.0009474503009184376
2460348.822224734,0.2766783,0.0176983,0.18157227324288022,1.5237915737823096,0.0028262365001160282,0.34100328065461655,0.0006324722718167953
2460348.823046574,1.574192,0.01706674,0.3351205000880803,4.697390937248699,0.008496006282539867,1.0512105117782393,0.0019012875938256239
2460348.8246821063,0.3182076,0.01769635,0.15546972685042626,2.046749592003464,0.003251302262555397,0.45803398414866736,0.0007275960551344791
2460348.8250929746,0.319739,0.01847358,0.1344648855783042,2.3778624331911797,0.002951995327508731,0.5321324153610272,0.0006606153416762404
2460348.8267360996,0.3552587,0.01768625,0.15331480922854065,2.317184502838399,0.0031427820721475854,0.518553541668826,0.0007033107515647311
2460348.8271462964,0.3053449,0.01793676,0.14722335080042018,2.0740249310989634,0.0031613164974059666,0.46413782424895467,0.000707458497179617
2460348.8275577314,1.980644,0.01613926,0.4204869725695611,4.7103575834857585,0.01010759383245765,1.0541122661795645,0.0022619383882252846
2460348.828377639,0.3662205,0.01781789,0.17824895222039627,2.054545036243388,0.0037673869976796613,0.4597784957378579,0.0008430886138289167
2460348.829606991,0.2870855,0.01752988,0.08019971343575515,3.5796324912055075,0.0035583126284830925,0.8010717765088007,0.0007963006888767804
2460348.830017581,1.263934,0.0163403,0.264485661181367,4.778837515631051,0.0065298520636098215,1.069437118949676,0.0014612897289838773
2460348.8312491667,0.4588649,0.01771625,0.1738320922551919,2.6397018757984543,0.004065908553842911,0.5907284270926242,0.0009098935704576717
2460348.831659433,0.4286757,0.01719767,0.24535476905356554,1.7471667726434617,0.004254780245472624,0.3909915316327075,0.0009521604182186505
2460348.832070116,3.731637,0.01433814,0.7954686729619866,4.691117484369275,0.016919048652834813,1.0498066006071034,0.003786246882735402
2460348.8324782755,1.139367,0.01600389,0.2634038748532324,4.325551401378779,0.006074973392024663,0.9679980148788129,0.0013594942328155064
2460348.8328894447,0.8075578,0.01656478,1.0,0.8075578,0.8078975084834318,0.18072016137658847,0.18079618339253184
2460348.833300382,2.509258,0.01511273,0.5231787657863602,4.796177070046941,0.011994243824622552,1.0733174691515288,0.002684144317070478
2460348.8337114817,1.520459,0.01562827,0.18253217588187964,8.329813593982031,0.008402204878486065,1.8640959903320025,0.001880296149153857
2460348.8341216203,2.552722,0.01507922,0.30292158892108,8.427005843631235,0.012824943100746049,1.885846258908639,0.0028700432177268193
2460348.834531863,2.405719,0.01504048,0.5059653246005799,4.754711208518345,0.011438357045745208,1.0640379882437014,0.0025597446166579184
2460348.8353529978,3.3377,0.01437618,0.7046343614080827,4.736782908699227,0.015175040485187944,1.0600258850400435,0.0033959622028038477
2460348.835764792,0.4759526,0.0167778,0.1970815960065245,2.4150027686209894,0.003993323371833529,0.5404439039163428,0.0008936500200811111
2460348.8361733565,2.128938,0.01577143,0.4595005493981023,4.633156593150295,0.010623754528170944,1.0368357623406352,0.0023774479458390663
2460348.8365842476,2.549991,0.01493495,0.29125905914498346,8.755061584988026,0.012697092187606984,1.9592605538588155,0.002841431968284815
2460348.836995382,1.959874,0.01544518,0.41126137473633184,4.7655192546504415,0.009572694647270352,1.0664566780776155,0.0021422354182740887
2460348.8374067014,1.461819,0.01578262,0.31632377459855004,4.621274521193389,0.007287594833536186,1.0341767205215355,0.001630861982094473
2460348.8378108796,2.539418,0.014915,0.518051764070329,4.901861505205215,0.011759683237937813,1.0969681702862302,0.002631652932455961
2460348.838221331,4.00879,0.01386998,0.9049104438262647,4.430040593906169,0.01853317643165354,0.9913812373994291,0.0041474661448991194
2460348.839536829,2.06853,0.01523453,0.4311612374525152,4.797578771741539,0.009967846821572549,1.073631150421711,0.0022306649581883865
2460348.8399480903,2.704272,0.01468196,0.586588476204251,4.610168985076291,0.012557487607739356,1.0316914565822166,0.002810190412321157
2460348.840769155,1.688251,0.01545704,0.3630119956987048,4.650675514869834,0.008254856090826282,1.040756252440909,0.0018473215476027104
2460348.8415906946,5.384752,0.01306632,1.1386204739943484,4.7291895086955265,0.02224045056209972,1.0583265881301929,0.004977102338273124
2460348.8420014004,5.932695,0.01261809,1.2502819823868743,4.745085575554786,0.02367541421157689,1.0618839059693104,0.005298227169589288
2460348.8424104513,6.093648,0.01246675,1.2910962721986783,4.719747187886147,0.024016709359599986,1.056213528556698,0.0053746042589168635
2460348.8428211575,5.941453,0.01259914,1.260647054247579,4.71301858833611,0.023665191448119113,1.054707761914953,0.005295939457846792
2460348.8432311113,5.164724,0.01300971,1.0820276846003276,4.773190255208407,0.021253404856145696,1.0681733409081342,0.0047562152893633365
2460348.843642257,4.312058,0.01337084,0.5233934838361683,8.23865434547472,0.01922372311429903,1.8436958231845737,0.004302000851796583
2460348.8440536573,3.236385,0.01401835,0.6832041986436871,4.737068370517844,0.014344288564340769,1.0600897674097356,0.0032100515209933164
2460348.844465706,6.168253,0.01238349,1.2946592358557276,4.7643834216522505,0.0241606763053089,1.0662024945099131,0.005406822051453087
2460348.8448760994,6.175698,0.0124122,0.7447205963692113,8.292637574559928,0.02555196342117893,1.8557765161973936,0.005718172684313298
2460348.845278102,6.162134,0.01240154,1.296281213238424,4.7537015402741964,0.024164845572071037,1.0638120385865755,0.005407755075147584
2460348.845689155,6.195743,0.01232654,1.3059647627001165,4.744188493409377,0.02414339263110453,1.061683151509275,0.005402954206462433
2460348.846100729,6.189418,0.01231555,1.3041726512846483,4.7458578386099735,0.02410769205032885,1.0620567276595456,0.0053949649148983874
2460348.8465112965,6.21162,0.0122982,1.3067571340610782,4.7534617092128055,0.02415141868741228,1.0637583677433025,0.005404750325812843
2460348.8469219906,6.180323,0.01233487,1.3109543192448434,4.714369455344627,0.024112195482709153,1.05501006709209,0.005395972720192965
2460348.847332245,6.199155,0.01228125,1.2699458148569873,4.88143267805336,0.024078544228094412,1.0923964839752098,0.005388442039213224
2460348.8477433333,6.253077,0.01231155,0.7120164518594035,8.78220859036379,0.025662116244544973,1.9653356746642852,0.005742823348346014
2460348.8481535534,6.194067,0.01234687,1.3034150573532621,4.75218309398526,0.02417864354850473,1.0634722315060443,0.005410842869640767
2460348.8485639817,6.178094,0.01233293,1.3047529177645434,4.735068161859365,0.024095205672762156,1.0596421486367547,0.00539217063792049
2460348.8489742707,6.252684,0.01232182,1.312346707323722,4.764506182021932,0.02437105796742259,1.066229966566798,0.005453902530309042
2460348.849385463,6.192636,0.0123662,1.3084692154936446,4.732733431304849,0.024213802274312912,1.05911966853368,0.00541871090162789
2460348.8497960186,6.169099,0.01239367,1.3084739271984716,4.714728258444129,0.02418512712787993,1.055090362216531,0.005412293804188095
2460348.8502068636,6.218774,0.01236029,1.304011296290776,4.768957153737188,0.024305655536800887,1.0672260318969375,0.005439266379415105
2460348.850609479,6.248882,0.0123822,0.7600129864746155,8.222072663502722,0.02735488406851925,1.8399850742550548,0.006121641154726842
2460348.8510173266,6.221751,0.01238663,1.4027487444495956,4.435399443142089,0.025664317095065982,0.9925804730438724,0.00574331586796668
2460348.851427662,6.230854,0.01237422,1.3160647421240599,4.7344585722612145,0.024380129592536322,1.0595057309951306,0.00545593263336111
2460348.851838588,6.262366,0.01238698,1.2503233766518924,5.0085970693192365,0.024481781062078378,1.1208540994064828,0.00547868081309488
2460348.852249595,6.272165,0.01234848,1.2752048952858455,4.918554675555926,0.02400737336746829,1.100703868758423,0.005372514994216986
2460348.852661308,6.270575,0.01235422,1.422817822158077,4.407152414276781,0.025825690185092263,0.9862591823388015,0.00577942891259505
2460348.85307022,6.232193,0.0124272,0.7991179441449139,7.798840015623325,0.02737765002326784,1.745271516383896,0.006126735857565521
2460348.8534799074,6.214169,0.01237254,1.4312894487296743,4.341657800604427,0.025638365083207416,0.9716024021650912,0.005737508170027131
2460348.8538896297,6.228432,0.01240151,1.4342114999973634,4.34275697831976,0.025738723602202526,0.9718483827922321,0.0057599670054792945
